<?xml version="1.0" encoding="UTF-8" standalone="yes"?>
<addon id="script.stalker" name="[COLOR orange]FNC [/COLOR][COLOR white]Stalker[/COLOR]" version="2.1.1" provider-name="Big_B, FreeNetCable">
    <requires>
        <import addon="xbmc.python" version="2.1.0"/>
    </requires>
    <extension point="xbmc.python.script" library="run.py" />
    <extension library="service.py" point="xbmc.service" start="startup"/>
    <extension point="xbmc.addon.metadata">
        <summary lang="en_US">FNC Stalker</summary>
        <description lang="en_US">Added GUI Supports</description>
        <language></language>
        <platform>all</platform>
        <license>GPLv2</license>

    </extension>
</addon>
