<?xml version="1.0" encoding="utf-8"?>
<window>
	<allowoverlay>no</allowoverlay>
	<coordinates>
		<system>1</system>
		<posx>0</posx>
		<posy>0</posy>
	</coordinates>
	<controls>
        <control type="image">
            <description>workaround for texture not being loaded</description>
            <posx>-10000</posx>
            <posy>-10000</posy>
            <width>1</width>
            <height>1</height>
            <texture>tvguide-program-red.png</texture>
        </control>
        <control type="image">
            <description>workaround for texture not being loaded</description>
            <posx>-10000</posx>
            <posy>-10000</posy>
            <width>1</width>
            <height>1</height>
            <texture>tvguide-program-red-focus.png</texture>
        </control>

        <!-- Background -->
		<control type="image" id="4600">
			<posx>0</posx>
			<posy>0</posy>
			<width>1280</width>
			<height>720</height>
            <texture>tvguide-background-default.jpg</texture>
            <fadetime>500</fadetime>
            <colordiffuse>77FFFFFF</colordiffuse>
		</control>
        <control type="image">
            <posx>0</posx>
            <posy>0</posy>
            <width>1280</width>
            <height>720</height>
            <texture>tvguide-background.png</texture>
        </control>
        <control type="image">
			<posx>25</posx>
			<posy>11</posy>
			<width>145</width>
			<height>37</height>
            <texture>stalker.png</texture>
		</control>
        <control type="list" id="16000">
            <posx>5</posx>
            <posy>60</posy>
            <width>420</width>
            <height>560</height>
            <viewtype label="list">list</viewtype>
            <orientation>vertical</orientation>
            <focusposition>3</focusposition>
            <onright>16050</onright>
            <onleft>16011</onleft>
            <itemlayout width="380" height="45">
                <control type="image">
                    <posx>0</posx>
                    <posy>0</posy>
                    <width>380</width>
                    <height>43</height>
                    <texture>tvguide-program-grey.png</texture>
                </control>
                <control type="label">
                    <posx>20</posx>
                    <posy>0</posy>
                    <width>300</width>
                    <height>43</height>
                    <aligny>center</aligny>
                    <font>font14</font>
                    <textcolor>ffffffff</textcolor>
                    <info>ListItem.Label</info>
                </control>
                <control type="image">
                    <posx>310</posx>
                    <posy>3</posy>
                    <width>60</width>
                    <height>37</height>
                    <aligny>center</aligny>
                    <info>ListItem.Icon</info>
                </control>
            </itemlayout>
            <focusedlayout width="380" height="45">
                <control type="image">
                    <posx>0</posx>
                    <posy>0</posy>
                    <width>380</width>
                    <height>43</height>
                    <texture>tvguide-program-grey-focus.png</texture>
                    <visible>true</visible>
                </control>
                <control type="image">
                    <posx>8</posx>
                    <posy>2</posy>
                    <width>12</width>
                    <height>40</height>
                    <texture>tvguide-channel-rightarrow.png</texture>
                </control>
                <control type="label">
                    <posx>20</posx>
                    <posy>0</posy>
                    <width>300</width>
                    <height>43</height>
                    <aligny>center</aligny>
                    <font>font14</font>
                    <textcolor>ffffffff</textcolor>
                    <label>[B]$INFO[ListItem.Label][/B]</label>
                </control>
                <control type="image">
                    <posx>310</posx>
                    <posy>3</posy>
                    <width>60</width>
                    <height>37</height>
                    <aligny>center</aligny>
                    <info>ListItem.Icon</info>
                </control>
            </focusedlayout>
        </control>
        <control type="videowindow" id="16001">
            <posx>390</posx>
            <posy>55</posy>
            <width>720</width>
            <height>445</height>
            <align>left</align>
            <aligny>center</aligny>
        </control>
        <control type="button" id="16011">
            <posx>240</posx>
            <posy>635</posy>
            <width>110</width>
            <height>35</height>
            <align>center</align>
            <aligny>center</aligny>
            <font>font13</font>
            <textcolor>ffffffff</textcolor>
            <focusedcolor>ff262d37</focusedcolor>
            <label>Exit</label>
            <texturefocus>KeyboardKey.png</texturefocus>
            <texturenofocus>KeyboardKey1.png</texturenofocus>
            <onleft>16011</onleft>
            <onright>16050</onright>
            <onup>16000</onup>
            <ondown>16000</ondown>
        </control>
        <control type="label" id="16002">
            <description>Guide heading</description>
            <posx>405</posx>
            <posy>495</posy>
            <width>600</width>
            <height>50</height>
            <textcolor>ffffffff</textcolor>
            <font>font14</font>
            <align>left</align>
            <aligny>center</aligny>
        </control>
        <control type="label" id="16003">
            <description>timezone</description>
            <posx>1060</posx>
            <posy>495</posy>
            <width>400</width>
            <height>50</height>
            <textcolor>ffffffff</textcolor>
            <font>font12</font>
            <align>left</align>
            <aligny>center</aligny>
        </control>
        <control type="label" id="16004">
            <description>epg 1</description>
            <posx>425</posx>
            <posy>530</posy>
            <width>600</width>
            <height>50</height>
            <textcolor>ffffffff</textcolor>
            <font>font12</font>
            <align>left</align>
            <aligny>center</aligny>
        </control>
        <control type="label" id="16005">
            <description>epg 2</description>
            <posx>425</posx>
            <posy>560</posy>
            <width>600</width>
            <height>50</height>
            <textcolor>ffffffff</textcolor>
            <font>font12</font>
            <align>left</align>
            <aligny>center</aligny>
        </control>
        <control type="label" id="16006">
            <description>epg 3</description>
            <posx>425</posx>
            <posy>590</posy>
            <width>600</width>
            <height>50</height>
            <textcolor>ffffffff</textcolor>
            <font>font12</font>
            <align>left</align>
            <aligny>center</aligny>
        </control>
        <control type="label" id="16007">
            <description>epg 4</description>
            <posx>425</posx>
            <posy>620</posy>
            <width>600</width>
            <height>50</height>
            <textcolor>ffffffff</textcolor>
            <font>font12</font>
            <align>left</align>
            <aligny>center</aligny>
        </control>
        <control type="image" id="16009">
            <description>Program logo / Source logo</description>
            <posx>1060</posx>
            <posy>570</posy>
            <width>190</width>
            <height>120</height>
            <fadetime>500</fadetime>
            <texture>tvguide-logo-epg.png</texture>
        </control>
        <control type="label" id="16020">
            <description>Displays todays date</description>
            <posx>1100</posx>
            <posy>5</posy>
            <width>180</width>
            <height>50</height>
            <textcolor>ffffffff</textcolor>
            <font>font14</font>
            <align>left</align>
            <aligny>center</aligny>
        </control>
        <control type="label" id="16022">
            <description>User Info</description>
            <posx>600</posx>
            <posy>3</posy>
            <width>600</width>
            <height>50</height>
            <textcolor>ffffffff</textcolor>
            <font>font12</font>
            <align>left</align>
            <aligny>center</aligny>
        </control>
        <control type="label" id="16023">
            <description>Status</description>
            <posx>200</posx>
            <posy>5</posy>
            <width>600</width>
            <height>50</height>
            <textcolor>ffffffff</textcolor>
            <font>font14</font>
            <align>left</align>
            <aligny>center</aligny>
        </control>
        <control type="progress" id="16037">
            <posx>-15</posx>
            <posy>48</posy>
            <width>1280</width>
            <height>10</height>
            <texturebg />
            <lefttexture />
            <midtexture>tvguide-green-progress.png</midtexture>
            <righttexture />
        </control>
        <control type="label" id="16035">
            <description>loading</description>
            <posx>745</posx>
            <posy>268</posy>
            <width>150</width>
            <height>50</height>
            <textcolor>ffffffff</textcolor>
            <font>font14</font>
            <align>left</align>
            <aligny>left</aligny>
            <label>[B]Loading..[/B]</label>
        </control>
        <control type="image" id="16038">
			<posx>680</posx>
			<posy>255</posy>
			<width>55</width>
			<height>55</height>
            <texture>tvguide-loading.gif</texture>
		</control>
        <control type="image" id="16039">
			<posx>1020</posx>
			<posy>100</posy>
			<width>60</width>
			<height>40</height>
            <texture>tvguide-timebar.png</texture>
		</control>
        <control type="label" id="16021">
            <description>Channel no</description>
            <posx>1000</posx>
            <posy>100</posy>
            <width>100</width>
            <height>40</height>
            <textcolor>ffffffff</textcolor>
            <font>font30</font>
            <align>center</align>
            <aligny>center</aligny>
        </control>
        <control type="label" id="16040">
            <description>total</description>
            <posx>20</posx>
            <posy>625</posy>
            <width>180</width>
            <height>50</height>
            <textcolor>ffffffff</textcolor>
            <font>font14</font>
            <align>left</align>
            <aligny>center</aligny>
        </control>
        <control type="radiobutton" id="16050">
              <description>My first radiobutton control</description>
              <type>radiobutton</type>
              <posx>925</posx>
              <posy>507</posy>
              <width>120</width>
              <height>30</height>
              <visible>true</visible>
              <colordiffuse>FFFFFFFF</colordiffuse>
              <texturefocus>KeyboardKeyr21.png</texturefocus>
              <texturenofocus>KeyboardKeyr2.png</texturenofocus>
              <textureradioonfocus colordiffuse="FFFFAAFF">myradiobutton.png</textureradioonfocus>
              <textureradioonnofocus colordiffuse="FFFFAAFF">myradiobutton.png</textureradioonnofocus>
              <textureradioofffocus colordiffuse="FFFFAAFF">myradiobutton_nf.png</textureradioofffocus>
              <textureradiooffnofocus colordiffuse="FFFFAAFF">myradiobutton_nf.png</textureradiooffnofocus>
              <label>[B] Favourite[/B]</label>
              <font>font12</font>
              <textcolor>FF000000</textcolor>
              <focusedcolor>ff262d37</focusedcolor>
              <disabledcolor>80FFFFFF</disabledcolor>
              <align>left</align>
              <aligny>center</aligny>
              <textoffsetx>2</textoffsetx>
              <textoffsety>5</textoffsety>
              <pulseonselect>false</pulseonselect>
              <onfocus>-</onfocus>
              <onunfocus>-</onunfocus>
              <onleft>16011</onleft>
              <onright>16011</onright>
              <onup>16000</onup>
              <ondown>16011</ondown>
        </control>
	</controls>
</window>
