<?xml version="1.0" encoding="utf-8"?>
<window>
	<allowoverlay>no</allowoverlay>
	<coordinates>
		<system>1</system>
		<posx>0</posx>
		<posy>0</posy>
	</coordinates>
	<controls>
        <control type="image">
            <description>workaround for texture not being loaded</description>
            <posx>-10000</posx>
            <posy>-10000</posy>
            <width>1</width>
            <height>1</height>
            <texture>tvguide-program-red.png</texture>
        </control>
        <control type="image">
            <description>workaround for texture not being loaded</description>
            <posx>-10000</posx>
            <posy>-10000</posy>
            <width>1</width>
            <height>1</height>
            <texture>tvguide-program-red-focus.png</texture>
        </control>

        <!-- Background -->
		<control type="image" id="19010">
			<posx>0</posx>
			<posy>0</posy>
			<width>1280</width>
			<height>720</height>
            <texture>main-home.jpg</texture>
            <fadetime>500</fadetime>
            <colordiffuse>99FFFFFF</colordiffuse>
		</control>
        <control type="button" id="19001">
            <posx>40</posx>
            <posy>150</posy>
            <width>250</width>
            <height>40</height>
            <align>center</align>
            <aligny>center</aligny>
            <font>font13</font>
            <textcolor>ffffffff</textcolor>
            <focusedcolor>ff262d37</focusedcolor>
            <label>Adults Settings</label>
            <texturefocus>KeyboardKey.png</texturefocus>
            <texturenofocus>KeyboardKey1.png</texturenofocus>
            <onleft>19007</onleft>
            <onright>19007</onright>
            <onup>19007</onup>
            <ondown>19002</ondown>
        </control>
        <control type="button" id="19002">
            <posx>40</posx>
            <posy>200</posy>
            <width>250</width>
            <height>40</height>
            <align>center</align>
            <aligny>center</aligny>
            <font>font13</font>
            <textcolor>ffffffff</textcolor>
            <focusedcolor>ff262d37</focusedcolor>
            <label>Topup Account</label>
            <texturefocus>KeyboardKey.png</texturefocus>
            <texturenofocus>KeyboardKey1.png</texturenofocus>
            <onleft>19007</onleft>
            <onright>19007</onright>
            <onup>19001</onup>
            <ondown>19003</ondown>
        </control>
        <control type="button" id="19003">
            <posx>40</posx>
            <posy>250</posy>
            <width>250</width>
            <height>40</height>
            <align>center</align>
            <aligny>center</aligny>
            <font>font13</font>
            <textcolor>ffffffff</textcolor>
            <focusedcolor>ff262d37</focusedcolor>
            <label>Account Info</label>
            <texturefocus>KeyboardKey.png</texturefocus>
            <texturenofocus>KeyboardKey1.png</texturenofocus>
            <onleft>19007</onleft>
            <onright>19007</onright>
            <onup>19002</onup>
            <ondown>19004</ondown>
        </control>
        <control type="button" id="19004">
            <posx>40</posx>
            <posy>300</posy>
            <width>250</width>
            <height>40</height>
            <align>center</align>
            <aligny>center</aligny>
            <font>font13</font>
            <textcolor>ffffffff</textcolor>
            <focusedcolor>ff262d37</focusedcolor>
            <label>Force update Images</label>
            <texturefocus>KeyboardKey.png</texturefocus>
            <texturenofocus>KeyboardKey1.png</texturenofocus>
            <onleft>19007</onleft>
            <onright>19007</onright>
            <onup>19003</onup>
            <ondown>19005</ondown>
        </control>
        <control type="button" id="19005">
            <posx>40</posx>
            <posy>350</posy>
            <width>250</width>
            <height>40</height>
            <align>center</align>
            <aligny>center</aligny>
            <font>font13</font>
            <textcolor>ffffffff</textcolor>
            <focusedcolor>ff262d37</focusedcolor>
            <label>Force update System</label>
            <texturefocus>KeyboardKey.png</texturefocus>
            <texturenofocus>KeyboardKey1.png</texturenofocus>
            <onleft>19007</onleft>
            <onright>19007</onright>
            <onup>19004</onup>
            <ondown>19006</ondown>
        </control>
        <control type="button" id="19006">
            <posx>20</posx>
            <posy>600</posy>
            <width>200</width>
            <height>40</height>
            <align>center</align>
            <aligny>center</aligny>
            <font>font13</font>
            <textcolor>ffffffff</textcolor>
            <focusedcolor>ff262d37</focusedcolor>
            <label>Contact Us</label>
            <texturefocus>KeyboardKey.png</texturefocus>
            <texturenofocus>KeyboardKey1.png</texturenofocus>
            <onleft>19007</onleft>
            <onright>19007</onright>
            <onup>19005</onup>
            <ondown>19001</ondown>
        </control>
        <control type="button" id="19007">
            <posx>230</posx>
            <posy>600</posy>
            <width>150</width>
            <height>40</height>
            <align>center</align>
            <aligny>center</aligny>
            <font>font13</font>
            <textcolor>ffffffff</textcolor>
            <focusedcolor>ff262d37</focusedcolor>
            <label>Exit</label>
            <texturefocus>KeyboardKey.png</texturefocus>
            <texturenofocus>KeyboardKey1.png</texturenofocus>
            <onleft>19006</onleft>
            <onright>19006</onright>
            <onup>19005</onup>
            <ondown>19001</ondown>
        </control>
        <control type="label" id="19011">
            <description>Displays todays date</description>
            <posx>1100</posx>
            <posy>5</posy>
            <width>180</width>
            <height>50</height>
            <textcolor>ffffffff</textcolor>
            <font>font14</font>
            <align>left</align>
            <aligny>center</aligny>
        </control>
        <control type="label" id="19012">
            <description>User Info</description>
            <posx>600</posx>
            <posy>3</posy>
            <width>600</width>
            <height>50</height>
            <textcolor>ffffffff</textcolor>
            <font>font12</font>
            <align>left</align>
            <aligny>center</aligny>
        </control>
        <control type="label" id="19014">
            <description>Status</description>
            <posx>200</posx>
            <posy>5</posy>
            <width>600</width>
            <height>50</height>
            <textcolor>ffffffff</textcolor>
            <font>font14</font>
            <align>left</align>
            <aligny>center</aligny>
        </control>
        <control type="image" id="19039">
            <description>fanart</description>
            <posx>390</posx>
            <posy>61</posy>
            <width>875</width>
            <height>523</height>
            <fadetime>500</fadetime>
            <texture>settings.png</texture>
        </control>
    </controls>
</window>