<?xml version="1.0" encoding="utf-8"?>
<window type="dialog">
	<allowoverlay>no</allowoverlay>
    <defaultcontrol always="false">4000</defaultcontrol>
	<coordinates>
		<system>1</system>
		<posx>0</posx>
		<posy>0</posy>
	</coordinates>
	<controls>

        <!-- Background -->
		<control type="image" id="32000">
			<posx>0</posx>
			<posy>0</posy>
			<width>1280</width>
			<height>720</height>
            <texture>tvguide-background-default.jpg</texture>
            <fadetime>500</fadetime>
            <colordiffuse>77FFFFFF</colordiffuse>
		</control>
        <control type="image">
			<posx>980</posx>
			<posy>80</posy>
			<width>145</width>
			<height>37</height>
            <texture>stalker.png</texture>
		</control>
        <control type="image">
			<posx>40</posx>
			<posy>380</posy>
			<width>300</width>
			<height>300</height>
            <texture>trans-red.png</texture>
		</control>
        <control type="image">
			<posx>500</posx>
			<posy>200</posy>
			<width>550</width>
			<height>300</height>
            <texture>KeyboardKey1.png</texture>
		</control>
        <control type="label">
            <description>device info</description>
            <posx>40</posx>
            <posy>380</posy>
            <width>300</width>
            <height>60</height>
            <textcolor>ffffffff</textcolor>
            <font>font30</font>
            <label>[B]Device Info[/B]</label>
            <align>center</align>
            <aligny>center</aligny>
        </control>
	<control type="label">
            <description>descl</description>
            <posx>20</posx>
            <posy>5</posy>
            <width>1200</width>
            <height>120</height>
            <textcolor>ffffffff</textcolor>
            <font>font10</font>
            <label>[B][COLOR gold]Disclaimer:[/COLOR][/B] [CR]We do not own and/or host the streams, movies, and TV shows. [CR]Stalker IPTV is just emulate Mag devices for Android platform. Also we do not sell subscriptions.</label>
            <align>left</align>
            <aligny>center</aligny>
        </control>
        <control type="label" id="32006">
            <description>macid</description>
            <posx>55</posx>
            <posy>460</posy>
            <width>350</width>
            <height>40</height>
            <textcolor>ffffffff</textcolor>
            <font>font13</font>
            <align>left</align>
            <aligny>center</aligny>
        </control>
        <control type="label" id="32007">
            <description>snno</description>
            <posx>55</posx>
            <posy>485</posy>
            <width>350</width>
            <height>40</height>
            <textcolor>ffffffff</textcolor>
            <font>font13</font>
            <align>left</align>
            <aligny>center</aligny>
        </control>
        <control type="label" id="32009">
            <description>ac type</description>
            <posx>55</posx>
            <posy>550</posy>
            <width>250</width>
            <height>40</height>
            <textcolor>ffffffff</textcolor>
            <font>font13</font>
            <align>left</align>
            <aligny>center</aligny>
        </control>
        <control type="label" id="32008">
            <description>msg</description>
            <posx>400</posx>
            <posy>600</posy>
            <width>800</width>
            <height>40</height>
            <textcolor>ffffffff</textcolor>
            <font>font14</font>
            <align>center</align>
            <aligny>center</aligny>
        </control>
        <control type="button" id="32020">
            <posx>530</posx>
            <posy>540</posy>
            <width>200</width>
            <height>40</height>
            <label>Add/Edit/Remove</label>
            <textcolor>ffffffff</textcolor>
            <focusedcolor>ff262d37</focusedcolor>
            <font>font13</font>
            <aligny>center</aligny>
            <align>center</align>
            <texturefocus>KeyboardKey.png</texturefocus>
            <texturenofocus>KeyboardKey1.png</texturenofocus>
            <onleft>32023</onleft>
            <onright>32021</onright>
            <onup>32024</onup>
            <ondown>32024</ondown>
        </control>
        <control type="button" id="32021">
            <posx>740</posx>
            <posy>540</posy>
            <width>150</width>
            <height>40</height>
            <label>Adult Setting</label>
            <textcolor>ffffffff</textcolor>
            <focusedcolor>ff262d37</focusedcolor>
            <font>font13</font>
            <aligny>center</aligny>
            <align>center</align>
            <texturefocus>KeyboardKey.png</texturefocus>
            <texturenofocus>KeyboardKey1.png</texturenofocus>
            <onleft>32020</onleft>
            <onright>32022</onright>
            <onup>32024</onup>
            <ondown>32024</ondown>
        </control>
        <control type="button" id="32022">
            <posx>900</posx>
            <posy>540</posy>
            <width>100</width>
            <height>40</height>
            <label>Exit</label>
            <textcolor>ffffffff</textcolor>
            <focusedcolor>ff262d37</focusedcolor>
            <font>font13</font>
            <aligny>center</aligny>
            <align>center</align>
            <texturefocus>KeyboardKey.png</texturefocus>
            <texturenofocus>KeyboardKey1.png</texturenofocus>
            <onleft>32021</onleft>
            <onright>32023</onright>
            <onup>32024</onup>
            <ondown>32024</ondown>
        </control>
        <control type="button" id="32023">
            <posx>170</posx>
            <posy>600</posy>
            <width>150</width>
            <height>40</height>
            <label>Get Premium</label>
            <textcolor>ffffffff</textcolor>
            <focusedcolor>ff262d37</focusedcolor>
            <font>font13</font>
            <aligny>center</aligny>
            <align>center</align>
            <texturefocus>KeyboardKey.png</texturefocus>
            <texturenofocus>KeyboardKey1.png</texturenofocus>
            <onleft>32022</onleft>
            <onright>32020</onright>
            <onup>32022</onup>
            <ondown>32022</ondown>
        </control>
        <control type="fixedlist" id="32024">
            <posx>520</posx>
			<posy>210</posy>
			<width>510</width>
			<height>280</height>
            <viewtype label="list">list</viewtype>
            <orientation>vertical</orientation>
            <focusposition>1</focusposition>
            <onright>32022</onright>
            <onleft>32023</onleft>
            <onup>32022</onup>
            <ondown>32022</ondown>
            <itemlayout width="500" height="60">
                <control type="image">
                    <posx>5</posx>
                    <posy>5</posy>
                    <width>500</width>
                    <height>57</height>
                    <texture>tvguide-program-grey.png</texture>
                </control>
                <control type="label">
                    <posx>30</posx>
                    <posy>5</posy>
                    <width>400</width>
                    <height>57</height>
                    <aligny>center</aligny>
                    <font>font14</font>
                    <textcolor>ffffffff</textcolor>
                    <info>ListItem.Label</info>
                </control>
                <control type="image">
                    <posx>400</posx>
                    <posy>12</posy>
                    <width>60</width>
                    <height>37</height>
                    <aligny>center</aligny>
                    <info>ListItem.Icon</info>
                </control>
            </itemlayout>
            <focusedlayout width="500" height="60">
                <control type="image">
                    <posx>5</posx>
                    <posy>5</posy>
                    <width>500</width>
                    <height>57</height>
                    <texture>tvguide-white-progress.png</texture>
                    <visible>true</visible>
                </control>
                <control type="image">
                    <posx>8</posx>
                    <posy>12</posy>
                    <width>12</width>
                    <height>40</height>
                    <texture>tvguide-channel-rightarrow.png</texture>
                </control>
                <control type="label">
                    <posx>20</posx>
                    <posy>5</posy>
                    <width>400</width>
                    <height>57</height>
                    <aligny>center</aligny>
                    <font>font14</font>
                    <textcolor>black</textcolor>
                    <label>[B]$INFO[ListItem.Label][/B]</label>
                </control>
                <control type="image">
                    <posx>400</posx>
                    <posy>12</posy>
                    <width>60</width>
                    <height>37</height>
                    <aligny>center</aligny>
                    <texture>folderf.png</texture>
                </control>
            </focusedlayout>
        </control>
	</controls>
</window>