<?xml version="1.0" encoding="utf-8"?>
<window>
	<allowoverlay>no</allowoverlay>
	<coordinates>
		<system>1</system>
		<posx>0</posx>
		<posy>0</posy>
	</coordinates>
	<controls>
        <control type="image">
            <description>workaround for texture not being loaded</description>
            <posx>-10000</posx>
            <posy>-10000</posy>
            <width>1</width>
            <height>1</height>
            <texture>tvguide-program-red.png</texture>
        </control>
        <control type="image">
            <description>workaround for texture not being loaded</description>
            <posx>-10000</posx>
            <posy>-10000</posy>
            <width>1</width>
            <height>1</height>
            <texture>tvguide-program-red-focus.png</texture>
        </control>

        <!-- Background -->
		<control type="image" id="20100">
			<posx>0</posx>
			<posy>0</posy>
			<width>1280</width>
			<height>720</height>
            <texture>tvguide-background-default.jpg</texture>
            <fadetime>500</fadetime>
            <colordiffuse>77FFFFFF</colordiffuse>
		</control>
        <control type="image">
            <posx>0</posx>
            <posy>0</posy>
            <width>1280</width>
            <height>720</height>
            <texture>main-movie.png</texture>
        </control>
        <control type="image">
			<posx>25</posx>
			<posy>11</posy>
			<width>145</width>
			<height>37</height>
            <texture>stalker.png</texture>
		</control>
        <control type="fixedlist" id="20000">
            <posx>5</posx>
            <posy>60</posy>
            <width>460</width>
            <height>560</height>
            <viewtype label="list">list</viewtype>
            <orientation>vertical</orientation>
            <focusposition>3</focusposition>
            <onright>20011</onright>
            <onleft>20012</onleft>
            <itemlayout width="460" height="50">
                <control type="image">
                    <posx>0</posx>
                    <posy>0</posy>
                    <width>460</width>
                    <height>47</height>
                    <texture>tvguide-program-grey.png</texture>
                </control>
                <control type="label">
                    <posx>20</posx>
                    <posy>0</posy>
                    <width>390</width>
                    <height>47</height>
                    <aligny>center</aligny>
                    <font>font13</font>
                    <textcolor>ffffffff</textcolor>
                    <info>ListItem.Label</info>
                </control>
                <control type="image">
                    <posx>400</posx>
                    <posy>3</posy>
                    <width>60</width>
                    <height>37</height>
                    <aligny>center</aligny>
                    <info>ListItem.Icon</info>
                </control>
            </itemlayout>
            <focusedlayout width="460" height="50">
                <control type="image">
                    <posx>0</posx>
                    <posy>0</posy>
                    <width>460</width>
                    <height>47</height>
                    <texture>tvguide-program-grey-focus.png</texture>
                    <visible>true</visible>
                </control>
                <control type="image">
                    <posx>6</posx>
                    <posy>2</posy>
                    <width>12</width>
                    <height>40</height>
                    <texture>tvguide-channel-rightarrow.png</texture>
                </control>
                <control type="label">
                    <posx>20</posx>
                    <posy>0</posy>
                    <width>390</width>
                    <height>47</height>
                    <aligny>center</aligny>
                    <font>font13</font>
                    <textcolor>ffffffff</textcolor>
                    <label>[B]$INFO[ListItem.Label][/B]</label>
                </control>
                <control type="image">
                    <posx>400</posx>
                    <posy>3</posy>
                    <width>60</width>
                    <height>37</height>
                    <aligny>center</aligny>
                    <info>ListItem.Icon</info>
                </control>
            </focusedlayout>
        </control>
        <control type="image" id="20036">
            <description>fanart</description>
            <posx>470</posx>
            <posy>59</posy>
            <width>790</width>
            <height>400</height>
            <fadetime>500</fadetime>
            <texture>fanart.jpg</texture>
        </control>
        <control type="videowindow" id="20001">
            <posx>470</posx>
            <posy>59</posy>
            <width>790</width>
            <height>400</height>
            <aligny>center</aligny>
        </control>
        <control type="button" id="20011">
            <posx>340</posx>
            <posy>635</posy>
            <width>110</width>
            <height>35</height>
            <align>center</align>
            <aligny>center</aligny>
            <font>font13</font>
            <textcolor>ffffffff</textcolor>
            <focusedcolor>ff262d37</focusedcolor>
            <label>Exit</label>
            <texturefocus>KeyboardKey.png</texturefocus>
            <texturenofocus>KeyboardKey1.png</texturenofocus>
            <onleft>20012</onleft>
            <onright>20000</onright>
            <onup>20000</onup>
            <ondown>20000</ondown>
        </control>
        <control type="button" id="20012">
            <posx>200</posx>
            <posy>635</posy>
            <width>130</width>
            <height>35</height>
            <align>center</align>
            <aligny>center</aligny>
            <font>font13</font>
            <textcolor>ffffffff</textcolor>
            <focusedcolor>ff262d37</focusedcolor>
            <label>Search</label>
            <texturefocus>KeyboardKey.png</texturefocus>
            <texturenofocus>KeyboardKey1.png</texturenofocus>
            <onleft>20011</onleft>
            <onright>20011</onright>
            <onup>20000</onup>
            <ondown>20000</ondown>
        </control>
        <control type="label" id="20002">
            <description>Guide heading</description>
            <posx>480</posx>
            <posy>458</posy>
            <width>600</width>
            <height>50</height>
            <textcolor>ffffffff</textcolor>
            <font>font13</font>
            <align>left</align>
            <aligny>center</aligny>
        </control>
        <control type="label" id="20003">
            <description>timezone</description>
            <posx>1160</posx>
            <posy>458</posy>
            <width>400</width>
            <height>50</height>
            <textcolor>ffffffff</textcolor>
            <font>font12</font>
            <align>left</align>
            <aligny>center</aligny>
        </control>
        <control type="textbox" id="20010">
            <posx>500</posx>
            <posy>510</posy>
            <width>500</width>
            <height>300</height>
            <font>font12</font>
            <label>...</label>
        </control>
        <control type="label" id="20004">
            <description>epg 1</description>
            <posx>910</posx>
            <posy>530</posy>
            <width>600</width>
            <height>50</height>
            <textcolor>ffffffff</textcolor>
            <font>font12</font>
            <align>left</align>
            <aligny>center</aligny>
        </control>
        <control type="label" id="20005">
            <description>epg 2</description>
            <posx>910</posx>
            <posy>560</posy>
            <width>600</width>
            <height>50</height>
            <textcolor>ffffffff</textcolor>
            <font>font12</font>
            <align>left</align>
            <aligny>center</aligny>
        </control>
        <control type="label" id="20006">
            <description>epg 3</description>
            <posx>910</posx>
            <posy>590</posy>
            <width>600</width>
            <height>50</height>
            <textcolor>ffffffff</textcolor>
            <font>font12</font>
            <align>left</align>
            <aligny>center</aligny>
        </control>
        <control type="label" id="20007">
            <description>epg 4</description>
            <posx>910</posx>
            <posy>620</posy>
            <width>600</width>
            <height>50</height>
            <textcolor>ffffffff</textcolor>
            <font>font12</font>
            <align>left</align>
            <aligny>center</aligny>
        </control>
        <control type="image" id="20009">
            <description>Program logo / Source logo</description>
            <posx>1053</posx>
            <posy>500</posy>
            <width>200</width>
            <height>300</height>
            <fadetime>500</fadetime>
        </control>
        <control type="label" id="20020">
            <description>Displays todays date</description>
            <posx>1100</posx>
            <posy>5</posy>
            <width>180</width>
            <height>50</height>
            <textcolor>ffffffff</textcolor>
            <font>font14</font>
            <align>left</align>
            <aligny>center</aligny>
        </control>
        <control type="label" id="20022">
            <description>User Info</description>
            <posx>600</posx>
            <posy>3</posy>
            <width>600</width>
            <height>50</height>
            <textcolor>ffffffff</textcolor>
            <font>font12</font>
            <align>left</align>
            <aligny>center</aligny>
        </control>
        <control type="label" id="20023">
            <description>Status</description>
            <posx>200</posx>
            <posy>5</posy>
            <width>600</width>
            <height>50</height>
            <textcolor>ffffffff</textcolor>
            <font>font14</font>
            <align>left</align>
            <aligny>center</aligny>
        </control>
        <control type="label" id="20021">
            <description>Channel no</description>
            <posx>850</posx>
            <posy>300</posy>
            <width>50</width>
            <height>50</height>
            <textcolor>ffffffff</textcolor>
            <font>font16</font>
            <align>center</align>
            <aligny>center</aligny>
        </control>
        <control type="progress" id="20037">
            <posx>-15</posx>
            <posy>48</posy>
            <width>1280</width>
            <height>10</height>
            <texturebg />
            <lefttexture />
            <midtexture>tvguide-green-progress.png</midtexture>
            <righttexture />
        </control>

        <control type="label" id="20035">
            <description>loading</description>
            <posx>855</posx>
            <posy>235</posy>
            <width>150</width>
            <height>50</height>
            <textcolor>ffffffff</textcolor>
            <font>font14</font>
            <align>left</align>
            <aligny>left</aligny>
            <label>[B]Loading..[/B]</label>
        </control>
        <control type="image" id="20038">
			<posx>780</posx>
			<posy>220</posy>
			<width>60</width>
			<height>60</height>
            <texture>tvguide-loading.gif</texture>
		</control>
        <control type="label" id="20040">
            <description>total</description>
            <posx>10</posx>
            <posy>625</posy>
            <width>180</width>
            <height>50</height>
            <textcolor>ffffffff</textcolor>
            <font>font14</font>
            <align>left</align>
            <aligny>center</aligny>
        </control>
	</controls>
</window>
