<?xml version="1.0" encoding="utf-8"?>
<window>
	<allowoverlay>no</allowoverlay>
	<coordinates>
		<system>1</system>
		<posx>0</posx>
		<posy>0</posy>
	</coordinates>
	<controls>
        <control type="image">
            <description>workaround for texture not being loaded</description>
            <posx>-10000</posx>
            <posy>-10000</posy>
            <width>1</width>
            <height>1</height>
            <texture>tvguide-program-red.png</texture>
        </control>
        <control type="image">
            <description>workaround for texture not being loaded</description>
            <posx>-10000</posx>
            <posy>-10000</posy>
            <width>1</width>
            <height>1</height>
            <texture>tvguide-program-red-focus.png</texture>
        </control>

        <!-- Background -->
		<control type="image" id="17000">
			<posx>0</posx>
			<posy>0</posy>
			<width>1280</width>
			<height>720</height>
            <texture>main-home.jpg</texture>
            <fadetime>500</fadetime>
            <colordiffuse>99FFFFFF</colordiffuse>
		</control>
        <control type="image">
			<posx>25</posx>
			<posy>11</posy>
			<width>145</width>
			<height>37</height>
            <texture>stalker.png</texture>
		</control>
        <control type="image">
			<posx>1165</posx>
			<posy>610</posy>
			<width>88</width>
			<height>87</height>
            <texture>iptv.png</texture>
		</control>
        <control type="button" id="17001">
            <posx>250</posx>
            <posy>620</posy>
            <width>110</width>
            <height>35</height>
            <align>center</align>
            <aligny>center</aligny>
            <font>font13</font>
            <textcolor>ffffffff</textcolor>
            <focusedcolor>fffffff7</focusedcolor>
            <label>Logout</label>
            <texturefocus>KeyboardKeyr.png</texturefocus>
            <texturenofocus>KeyboardKey1.png</texturenofocus>
            <onleft>17015</onleft>
            <onright>17015</onright>
            <onup>17015</onup>
            <ondown>17015</ondown>
        </control>
        <control type="label" id="17002">
            <description>total</description>
            <posx>20</posx>
            <posy>610</posy>
            <width>180</width>
            <height>50</height>
            <textcolor>ffffffff</textcolor>
            <font>font14</font>
            <align>left</align>
            <aligny>center</aligny>
        </control>
        <control type="label" id="17011">
            <description>Displays todays date</description>
            <posx>1100</posx>
            <posy>5</posy>
            <width>180</width>
            <height>50</height>
            <textcolor>ffffffff</textcolor>
            <font>font14</font>
            <align>left</align>
            <aligny>center</aligny>
        </control>
        <control type="label" id="17012">
            <description>User Info</description>
            <posx>600</posx>
            <posy>3</posy>
            <width>600</width>
            <height>50</height>
            <textcolor>ffffffff</textcolor>
            <font>font12</font>
            <align>left</align>
            <aligny>center</aligny>
        </control>
        <control type="label" id="17014">
            <description>Status</description>
            <posx>200</posx>
            <posy>5</posy>
            <width>600</width>
            <height>50</height>
            <textcolor>ffffffff</textcolor>
            <font>font14</font>
            <align>left</align>
            <aligny>center</aligny>
        </control>
        <control type="list" id="17015">
            <posx>5</posx>
            <posy>60</posy>
            <width>420</width>
            <height>523</height>
            <viewtype label="list">list</viewtype>
            <orientation>vertical</orientation>
            <focusposition>3</focusposition>
            <onright>17001</onright>
            <onleft>17001</onleft>
            <itemlayout width="380" height="53">
                <control type="image">
                    <posx>0</posx>
                    <posy>0</posy>
                    <width>380</width>
                    <height>50</height>
                    <texture>tvguide-program-grey.png</texture>
                </control>
                <control type="label">
                    <posx>20</posx>
                    <posy>0</posy>
                    <width>300</width>
                    <height>50</height>
                    <aligny>center</aligny>
                    <font>font14</font>
                    <textcolor>ffffffff</textcolor>
                    <info>ListItem.Label</info>
                </control>
                <control type="image">
                    <posx>310</posx>
                    <posy>3</posy>
                    <width>60</width>
                    <height>37</height>
                    <aligny>center</aligny>
                    <info>ListItem.Icon</info>
                </control>
            </itemlayout>
            <focusedlayout width="380" height="53">
                <control type="image">
                    <posx>0</posx>
                    <posy>0</posy>
                    <width>380</width>
                    <height>50</height>
                    <texture>tvguide-program-grey-focus.png</texture>
                    <visible>true</visible>
                </control>
                <control type="image">
                    <posx>8</posx>
                    <posy>2</posy>
                    <width>12</width>
                    <height>40</height>
                    <texture>tvguide-channel-rightarrow.png</texture>
                </control>
                <control type="label">
                    <posx>20</posx>
                    <posy>0</posy>
                    <width>300</width>
                    <height>50</height>
                    <aligny>center</aligny>
                    <font>font14</font>
                    <textcolor>ffffffff</textcolor>
                    <label>[B]$INFO[ListItem.Label][/B]</label>
                </control>
                <control type="image">
                    <posx>310</posx>
                    <posy>3</posy>
                    <width>60</width>
                    <height>37</height>
                    <aligny>center</aligny>
                    <info>ListItem.Icon</info>
                </control>
            </focusedlayout>
        </control>
        <control type="progress" id="17037">
            <posx>-15</posx>
            <posy>48</posy>
            <width>1280</width>
            <height>10</height>
            <texturebg />
            <lefttexture />
            <midtexture>tvguide-green-progress.png</midtexture>
            <righttexture />
        </control>
        <control type="image" id="17039">
            <description>fanart</description>
            <posx>390</posx>
            <posy>61</posy>
            <width>875</width>
            <height>523</height>
            <fadetime>500</fadetime>
            <texture>fanartm.png</texture>
        </control>
        <control type="image" id="17038">
			<posx>700</posx>
			<posy>300</posy>
			<width>70</width>
			<height>70</height>
            <texture>tvguide-loading.gif</texture>
		</control>
        <control type="label" id="17041">
            <description>folder heading</description>
            <posx>405</posx>
            <posy>580</posy>
            <width>600</width>
            <height>50</height>
            <textcolor>ffffffff</textcolor>
            <font>font14</font>
            <align>left</align>
            <aligny>center</aligny>
            <label>[B]welcome to the new age of Entertainment![/B]</label>
        </control>
        <control type="label" id="17042">
            <description>folder desc</description>
            <posx>425</posx>
            <posy>620</posy>
            <width>600</width>
            <height>50</height>
            <textcolor>ffffffff</textcolor>
            <font>font12</font>
            <align>left</align>
            <aligny>center</aligny>
            <label>Now more user friendly, easy navigation and more informative.</label>
        </control>
    </controls>
</window>