<?xml version="1.0" encoding="utf-8"?>
<window type="dialog">
	<allowoverlay>no</allowoverlay>
    <defaultcontrol always="false">4000</defaultcontrol>
	<coordinates>
		<system>1</system>
		<posx>0</posx>
		<posy>0</posy>
	</coordinates>
	<controls>

        <!-- Background -->
		<control type="image" id="18000">
			<posx>0</posx>
			<posy>0</posy>
			<width>1280</width>
			<height>720</height>
            <texture>tvguide-background-default.jpg</texture>
            <fadetime>500</fadetime>
            <colordiffuse>77FFFFFF</colordiffuse>
		</control>
        <control type="image">
			<posx>340</posx>
			<posy>180</posy>
			<width>145</width>
			<height>37</height>
            <texture>stalker.png</texture>
		</control>
        <control type="label" id="18001">
            <description>visibility marker for loading group</description>
        </control>
        <control type="group">
            <posx>340</posx>
            <posy>250</posy>
            <width>600</width>
            <height>55</height>
            <control type="image">
                <description>loading splash</description>
                <posx>0</posx>
                <posy>0</posy>
                <width>55</width>
                <height>55</height>
                <texture>tvguide-loading.gif</texture>
            </control>
            <control type="label" id="18005">
                <description>loading splash</description>
                <posx>70</posx>
                <posy>0</posy>
                <width>800</width>
                <height>55</height>
                <label>Downloading</label>
                <textcolor>ffffffff</textcolor>
                <font>font30</font>
                <aligny>center</aligny>
            </control>
            <control type="progress" id="18002">
                <posx>70</posx>
                <posy>60</posy>
                <width>580</width>
                <height>10</height>
                <texturebg />
                <lefttexture />
                <midtexture>tvguide-white-progress.png</midtexture>
                <righttexture />
            </control>
            <control type="label" id="18003">
                <description>loading time left</description>
                <posx>70</posx>
                <posy>70</posy>
                <width>600</width>
                <height>50</height>
                <label>...</label>
                <textcolor>ffffffff</textcolor>
                <font>font13</font>
                <aligny>center</aligny>
            </control>
            <control type="button" id="18004">
                <posx>70</posx>
                <posy>140</posy>
                <width>150</width>
                <height>50</height>
                <label>Exit</label>
                <textcolor>ffffffff</textcolor>
                <focusedcolor>ff262d37</focusedcolor>
                <font>font13</font>
                <aligny>center</aligny>
                <align>center</align>
                <texturefocus>KeyboardKey.png</texturefocus>
                <texturenofocus>KeyboardKey1.png</texturenofocus>
            </control>
        </control>
	</controls>
</window>